timestamp,backend,system,arch,hostname,python_version,gpu_model,gpu_index,size_bytes,num_elements,run_idx,elapsed_s,throughput_gbps,energy_joule,avg_power_watt
2026-01-23T14:02:17.149673,metal,Darwin,arm64,MacBook-Pro-Mateusz.local,3.13.7,Apple M2 Pro,0,4194304,1048576,0,0.001563,5.3677,,
2026-01-23T14:02:17.159243,metal,Darwin,arm64,MacBook-Pro-Mateusz.local,3.13.7,Apple M2 Pro,0,4194304,1048576,1,0.000619,13.5501,,
2026-01-23T14:02:17.167816,metal,Darwin,arm64,MacBook-Pro-Mateusz.local,3.13.7,Apple M2 Pro,0,4194304,1048576,2,0.000540,15.5261,,
2026-01-23T14:02:17.176592,metal,Darwin,arm64,MacBook-Pro-Mateusz.local,3.13.7,Apple M2 Pro,0,4194304,1048576,3,0.000553,15.1658,,
2026-01-23T14:02:17.184840,metal,Darwin,arm64,MacBook-Pro-Mateusz.local,3.13.7,Apple M2 Pro,0,4194304,1048576,4,0.000529,15.8700,,
2026-01-23T14:02:17.193146,metal,Darwin,arm64,MacBook-Pro-Mateusz.local,3.13.7,Apple M2 Pro,0,4194304,1048576,5,0.000529,15.8687,,
2026-01-23T14:02:17.201058,metal,Darwin,arm64,MacBook-Pro-Mateusz.local,3.13.7,Apple M2 Pro,0,4194304,1048576,6,0.000530,15.8164,,
2026-01-23T14:02:17.228863,metal,Darwin,arm64,MacBook-Pro-Mateusz.local,3.13.7,Apple M2 Pro,0,16777216,4194304,0,0.001873,17.9156,,
2026-01-23T14:02:17.254750,metal,Darwin,arm64,MacBook-Pro-Mateusz.local,3.13.7,Apple M2 Pro,0,16777216,4194304,1,0.001758,19.0831,,
2026-01-23T14:02:17.280356,metal,Darwin,arm64,MacBook-Pro-Mateusz.local,3.13.7,Apple M2 Pro,0,16777216,4194304,2,0.001597,21.0153,,
2026-01-23T14:02:17.306008,metal,Darwin,arm64,MacBook-Pro-Mateusz.local,3.13.7,Apple M2 Pro,0,16777216,4194304,3,0.001886,17.7949,,
2026-01-23T14:02:17.332149,metal,Darwin,arm64,MacBook-Pro-Mateusz.local,3.13.7,Apple M2 Pro,0,16777216,4194304,4,0.002250,14.9112,,
2026-01-23T14:02:17.357628,metal,Darwin,arm64,MacBook-Pro-Mateusz.local,3.13.7,Apple M2 Pro,0,16777216,4194304,5,0.001737,19.3170,,
2026-01-23T14:02:17.383294,metal,Darwin,arm64,MacBook-Pro-Mateusz.local,3.13.7,Apple M2 Pro,0,16777216,4194304,6,0.002083,16.1081,,
2026-01-23T14:02:17.487446,metal,Darwin,arm64,MacBook-Pro-Mateusz.local,3.13.7,Apple M2 Pro,0,67108864,16777216,0,0.006599,20.3394,,
2026-01-23T14:02:17.572986,metal,Darwin,arm64,MacBook-Pro-Mateusz.local,3.13.7,Apple M2 Pro,0,67108864,16777216,1,0.004799,27.9705,,
2026-01-23T14:02:17.666508,metal,Darwin,arm64,MacBook-Pro-Mateusz.local,3.13.7,Apple M2 Pro,0,67108864,16777216,2,0.010241,13.1062,,
2026-01-23T14:02:17.754354,metal,Darwin,arm64,MacBook-Pro-Mateusz.local,3.13.7,Apple M2 Pro,0,67108864,16777216,3,0.006249,21.4778,,
2026-01-23T14:02:17.857639,metal,Darwin,arm64,MacBook-Pro-Mateusz.local,3.13.7,Apple M2 Pro,0,67108864,16777216,4,0.020951,6.4061,,
2026-01-23T14:02:17.957681,metal,Darwin,arm64,MacBook-Pro-Mateusz.local,3.13.7,Apple M2 Pro,0,67108864,16777216,5,0.011963,11.2198,,
2026-01-23T14:02:18.047920,metal,Darwin,arm64,MacBook-Pro-Mateusz.local,3.13.7,Apple M2 Pro,0,67108864,16777216,6,0.008167,16.4341,,
2026-01-23T14:02:18.483941,metal,Darwin,arm64,MacBook-Pro-Mateusz.local,3.13.7,Apple M2 Pro,0,268435456,67108864,0,0.047822,11.2264,,
2026-01-23T14:02:18.871715,metal,Darwin,arm64,MacBook-Pro-Mateusz.local,3.13.7,Apple M2 Pro,0,268435456,67108864,1,0.049764,10.7884,,
2026-01-23T14:02:19.327834,metal,Darwin,arm64,MacBook-Pro-Mateusz.local,3.13.7,Apple M2 Pro,0,268435456,67108864,2,0.051830,10.3583,,
2026-01-23T14:02:19.787325,metal,Darwin,arm64,MacBook-Pro-Mateusz.local,3.13.7,Apple M2 Pro,0,268435456,67108864,3,0.063684,8.4303,,
2026-01-23T14:02:20.268946,metal,Darwin,arm64,MacBook-Pro-Mateusz.local,3.13.7,Apple M2 Pro,0,268435456,67108864,4,0.102720,5.2266,,
2026-01-23T14:02:20.693630,metal,Darwin,arm64,MacBook-Pro-Mateusz.local,3.13.7,Apple M2 Pro,0,268435456,67108864,5,0.070521,7.6129,,
2026-01-23T14:02:21.084607,metal,Darwin,arm64,MacBook-Pro-Mateusz.local,3.13.7,Apple M2 Pro,0,268435456,67108864,6,0.044499,12.0648,,
2026-01-23T14:02:24.549239,metal,Darwin,arm64,MacBook-Pro-Mateusz.local,3.13.7,Apple M2 Pro,0,1073741824,268435456,0,0.537705,3.9938,,
2026-01-23T14:02:27.223698,metal,Darwin,arm64,MacBook-Pro-Mateusz.local,3.13.7,Apple M2 Pro,0,1073741824,268435456,1,0.678013,3.1673,,
2026-01-23T14:02:29.932052,metal,Darwin,arm64,MacBook-Pro-Mateusz.local,3.13.7,Apple M2 Pro,0,1073741824,268435456,2,1.004139,2.1386,,
2026-01-23T14:02:32.568890,metal,Darwin,arm64,MacBook-Pro-Mateusz.local,3.13.7,Apple M2 Pro,0,1073741824,268435456,3,0.584221,3.6758,,
2026-01-23T14:02:36.572182,metal,Darwin,arm64,MacBook-Pro-Mateusz.local,3.13.7,Apple M2 Pro,0,1073741824,268435456,4,1.543564,1.3913,,
2026-01-23T14:02:39.573121,metal,Darwin,arm64,MacBook-Pro-Mateusz.local,3.13.7,Apple M2 Pro,0,1073741824,268435456,5,0.811074,2.6477,,
2026-01-23T14:02:42.824732,metal,Darwin,arm64,MacBook-Pro-Mateusz.local,3.13.7,Apple M2 Pro,0,1073741824,268435456,6,0.842671,2.5484,,
2026-01-23T14:03:12.662333,metal,Darwin,arm64,MacBook-Pro-Mateusz.local,3.13.7,Apple M2 Pro,0,4194304,1048576,0,0.001157,7.2508,,
2026-01-23T14:03:12.671765,metal,Darwin,arm64,MacBook-Pro-Mateusz.local,3.13.7,Apple M2 Pro,0,4194304,1048576,1,0.000579,14.4808,,
2026-01-23T14:03:12.679688,metal,Darwin,arm64,MacBook-Pro-Mateusz.local,3.13.7,Apple M2 Pro,0,4194304,1048576,2,0.000518,16.1799,,
2026-01-23T14:03:12.687926,metal,Darwin,arm64,MacBook-Pro-Mateusz.local,3.13.7,Apple M2 Pro,0,4194304,1048576,3,0.000522,16.0727,,
2026-01-23T14:03:12.696101,metal,Darwin,arm64,MacBook-Pro-Mateusz.local,3.13.7,Apple M2 Pro,0,4194304,1048576,4,0.000428,19.6167,,
2026-01-23T14:03:12.704066,metal,Darwin,arm64,MacBook-Pro-Mateusz.local,3.13.7,Apple M2 Pro,0,4194304,1048576,5,0.000390,21.5345,,
2026-01-23T14:03:12.712216,metal,Darwin,arm64,MacBook-Pro-Mateusz.local,3.13.7,Apple M2 Pro,0,4194304,1048576,6,0.000504,16.6427,,
2026-01-23T14:03:12.734521,metal,Darwin,arm64,MacBook-Pro-Mateusz.local,3.13.7,Apple M2 Pro,0,16777216,4194304,0,0.001106,30.3294,,
2026-01-23T14:03:12.758801,metal,Darwin,arm64,MacBook-Pro-Mateusz.local,3.13.7,Apple M2 Pro,0,16777216,4194304,1,0.001124,29.8627,,
2026-01-23T14:03:12.781904,metal,Darwin,arm64,MacBook-Pro-Mateusz.local,3.13.7,Apple M2 Pro,0,16777216,4194304,2,0.001096,30.6095,,
2026-01-23T14:03:12.805656,metal,Darwin,arm64,MacBook-Pro-Mateusz.local,3.13.7,Apple M2 Pro,0,16777216,4194304,3,0.001132,29.6330,,
2026-01-23T14:03:12.829009,metal,Darwin,arm64,MacBook-Pro-Mateusz.local,3.13.7,Apple M2 Pro,0,16777216,4194304,4,0.001088,30.8381,,
2026-01-23T14:03:12.853201,metal,Darwin,arm64,MacBook-Pro-Mateusz.local,3.13.7,Apple M2 Pro,0,16777216,4194304,5,0.001091,30.7521,,
2026-01-23T14:03:12.876949,metal,Darwin,arm64,MacBook-Pro-Mateusz.local,3.13.7,Apple M2 Pro,0,16777216,4194304,6,0.001051,31.9199,,
2026-01-23T14:03:12.958677,metal,Darwin,arm64,MacBook-Pro-Mateusz.local,3.13.7,Apple M2 Pro,0,67108864,16777216,0,0.004004,33.5206,,
2026-01-23T14:03:13.042062,metal,Darwin,arm64,MacBook-Pro-Mateusz.local,3.13.7,Apple M2 Pro,0,67108864,16777216,1,0.003624,37.0328,,
2026-01-23T14:03:13.125748,metal,Darwin,arm64,MacBook-Pro-Mateusz.local,3.13.7,Apple M2 Pro,0,67108864,16777216,2,0.003402,39.4550,,
2026-01-23T14:03:13.206230,metal,Darwin,arm64,MacBook-Pro-Mateusz.local,3.13.7,Apple M2 Pro,0,67108864,16777216,3,0.003516,38.1734,,
2026-01-23T14:03:13.290333,metal,Darwin,arm64,MacBook-Pro-Mateusz.local,3.13.7,Apple M2 Pro,0,67108864,16777216,4,0.003784,35.4675,,
2026-01-23T14:03:13.374971,metal,Darwin,arm64,MacBook-Pro-Mateusz.local,3.13.7,Apple M2 Pro,0,67108864,16777216,5,0.003337,40.2201,,
2026-01-23T14:03:13.460639,metal,Darwin,arm64,MacBook-Pro-Mateusz.local,3.13.7,Apple M2 Pro,0,67108864,16777216,6,0.004023,33.3588,,
2026-01-23T14:03:13.810506,metal,Darwin,arm64,MacBook-Pro-Mateusz.local,3.13.7,Apple M2 Pro,0,268435456,67108864,0,0.013626,39.4006,,
2026-01-23T14:03:14.134361,metal,Darwin,arm64,MacBook-Pro-Mateusz.local,3.13.7,Apple M2 Pro,0,268435456,67108864,1,0.015422,34.8128,,
2026-01-23T14:03:14.458414,metal,Darwin,arm64,MacBook-Pro-Mateusz.local,3.13.7,Apple M2 Pro,0,268435456,67108864,2,0.015953,33.6530,,
2026-01-23T14:03:14.798797,metal,Darwin,arm64,MacBook-Pro-Mateusz.local,3.13.7,Apple M2 Pro,0,268435456,67108864,3,0.023175,23.1656,,
2026-01-23T14:03:15.148870,metal,Darwin,arm64,MacBook-Pro-Mateusz.local,3.13.7,Apple M2 Pro,0,268435456,67108864,4,0.019332,27.7717,,
2026-01-23T14:03:15.483553,metal,Darwin,arm64,MacBook-Pro-Mateusz.local,3.13.7,Apple M2 Pro,0,268435456,67108864,5,0.017736,30.2709,,
2026-01-23T14:03:15.862182,metal,Darwin,arm64,MacBook-Pro-Mateusz.local,3.13.7,Apple M2 Pro,0,268435456,67108864,6,0.046899,11.4473,,
2026-01-23T14:03:19.488331,metal,Darwin,arm64,MacBook-Pro-Mateusz.local,3.13.7,Apple M2 Pro,0,1073741824,268435456,0,0.454142,4.7287,,
2026-01-23T14:03:22.020763,metal,Darwin,arm64,MacBook-Pro-Mateusz.local,3.13.7,Apple M2 Pro,0,1073741824,268435456,1,0.561789,3.8226,,
2026-01-23T14:03:24.549256,metal,Darwin,arm64,MacBook-Pro-Mateusz.local,3.13.7,Apple M2 Pro,0,1073741824,268435456,2,0.589865,3.6406,,
2026-01-23T14:03:27.352062,metal,Darwin,arm64,MacBook-Pro-Mateusz.local,3.13.7,Apple M2 Pro,0,1073741824,268435456,3,0.643858,3.3353,,
2026-01-23T14:03:30.530823,metal,Darwin,arm64,MacBook-Pro-Mateusz.local,3.13.7,Apple M2 Pro,0,1073741824,268435456,4,1.062904,2.0204,,
2026-01-23T14:03:34.054064,metal,Darwin,arm64,MacBook-Pro-Mateusz.local,3.13.7,Apple M2 Pro,0,1073741824,268435456,5,1.045333,2.0544,,
2026-01-23T14:03:36.965440,metal,Darwin,arm64,MacBook-Pro-Mateusz.local,3.13.7,Apple M2 Pro,0,1073741824,268435456,6,1.126591,1.9062,,
2026-01-23T14:09:24.098393,metal,Darwin,arm64,MacBook-Pro-Mateusz.local,3.13.7,Apple M2 Pro,0,4194304,1048576,0,0.001326,6.3284,,
2026-01-23T14:09:24.627036,metal,Darwin,arm64,MacBook-Pro-Mateusz.local,3.13.7,Apple M2 Pro,0,4194304,1048576,1,0.000735,11.4085,,
2026-01-23T14:09:25.168298,metal,Darwin,arm64,MacBook-Pro-Mateusz.local,3.13.7,Apple M2 Pro,0,4194304,1048576,2,0.000731,11.4808,,
2026-01-23T14:09:25.706327,metal,Darwin,arm64,MacBook-Pro-Mateusz.local,3.13.7,Apple M2 Pro,0,4194304,1048576,3,0.000543,15.4439,,
2026-01-23T14:09:26.257026,metal,Darwin,arm64,MacBook-Pro-Mateusz.local,3.13.7,Apple M2 Pro,0,4194304,1048576,4,0.000648,12.9471,,
2026-01-23T14:09:26.792819,metal,Darwin,arm64,MacBook-Pro-Mateusz.local,3.13.7,Apple M2 Pro,0,4194304,1048576,5,0.000589,14.2361,,
2026-01-23T14:09:27.332312,metal,Darwin,arm64,MacBook-Pro-Mateusz.local,3.13.7,Apple M2 Pro,0,4194304,1048576,6,0.000432,19.4256,,
2026-01-23T14:09:27.867105,metal,Darwin,arm64,MacBook-Pro-Mateusz.local,3.13.7,Apple M2 Pro,0,16777216,4194304,0,0.001461,22.9720,,
2026-01-23T14:09:28.407847,metal,Darwin,arm64,MacBook-Pro-Mateusz.local,3.13.7,Apple M2 Pro,0,16777216,4194304,1,0.001214,27.6339,,
2026-01-23T14:09:28.942686,metal,Darwin,arm64,MacBook-Pro-Mateusz.local,3.13.7,Apple M2 Pro,0,16777216,4194304,2,0.001047,32.0584,,
2026-01-23T14:09:29.492252,metal,Darwin,arm64,MacBook-Pro-Mateusz.local,3.13.7,Apple M2 Pro,0,16777216,4194304,3,0.001159,28.9554,,
2026-01-23T14:09:30.044322,metal,Darwin,arm64,MacBook-Pro-Mateusz.local,3.13.7,Apple M2 Pro,0,16777216,4194304,4,0.001026,32.7161,,
2026-01-23T14:09:30.588598,metal,Darwin,arm64,MacBook-Pro-Mateusz.local,3.13.7,Apple M2 Pro,0,16777216,4194304,5,0.001048,32.0100,,
2026-01-23T14:09:31.123990,metal,Darwin,arm64,MacBook-Pro-Mateusz.local,3.13.7,Apple M2 Pro,0,16777216,4194304,6,0.001286,26.0870,,
2026-01-23T14:09:31.662667,metal,Darwin,arm64,MacBook-Pro-Mateusz.local,3.13.7,Apple M2 Pro,0,67108864,16777216,0,0.004044,33.1921,,
2026-01-23T14:09:32.203402,metal,Darwin,arm64,MacBook-Pro-Mateusz.local,3.13.7,Apple M2 Pro,0,67108864,16777216,1,0.003269,41.0603,,
2026-01-23T14:09:32.743306,metal,Darwin,arm64,MacBook-Pro-Mateusz.local,3.13.7,Apple M2 Pro,0,67108864,16777216,2,0.003561,37.6893,,
2026-01-23T14:09:33.282894,metal,Darwin,arm64,MacBook-Pro-Mateusz.local,3.13.7,Apple M2 Pro,0,67108864,16777216,3,0.003337,40.2176,,
2026-01-23T14:09:33.822958,metal,Darwin,arm64,MacBook-Pro-Mateusz.local,3.13.7,Apple M2 Pro,0,67108864,16777216,4,0.003295,40.7286,,
2026-01-23T14:09:34.368759,metal,Darwin,arm64,MacBook-Pro-Mateusz.local,3.13.7,Apple M2 Pro,0,67108864,16777216,5,0.003911,34.3154,,
2026-01-23T14:09:34.913180,metal,Darwin,arm64,MacBook-Pro-Mateusz.local,3.13.7,Apple M2 Pro,0,67108864,16777216,6,0.004168,32.2013,,
2026-01-23T14:09:35.497032,metal,Darwin,arm64,MacBook-Pro-Mateusz.local,3.13.7,Apple M2 Pro,0,268435456,67108864,0,0.020572,26.0978,,
2026-01-23T14:09:36.075363,metal,Darwin,arm64,MacBook-Pro-Mateusz.local,3.13.7,Apple M2 Pro,0,268435456,67108864,1,0.041108,13.0601,,
2026-01-23T14:09:36.749249,metal,Darwin,arm64,MacBook-Pro-Mateusz.local,3.13.7,Apple M2 Pro,0,268435456,67108864,2,0.168857,3.1794,,
2026-01-23T14:09:37.329935,metal,Darwin,arm64,MacBook-Pro-Mateusz.local,3.13.7,Apple M2 Pro,0,268435456,67108864,3,0.047767,11.2393,,
2026-01-23T14:09:37.892594,metal,Darwin,arm64,MacBook-Pro-Mateusz.local,3.13.7,Apple M2 Pro,0,268435456,67108864,4,0.053934,9.9542,,
2026-01-23T14:09:38.538858,metal,Darwin,arm64,MacBook-Pro-Mateusz.local,3.13.7,Apple M2 Pro,0,268435456,67108864,5,0.065030,8.2557,,
2026-01-23T14:09:39.193926,metal,Darwin,arm64,MacBook-Pro-Mateusz.local,3.13.7,Apple M2 Pro,0,268435456,67108864,6,0.053631,10.0104,,
2026-01-23T14:09:42.570757,metal,Darwin,arm64,MacBook-Pro-Mateusz.local,3.13.7,Apple M2 Pro,0,1073741824,268435456,0,0.413337,5.1955,,
2026-01-23T14:09:45.442074,metal,Darwin,arm64,MacBook-Pro-Mateusz.local,3.13.7,Apple M2 Pro,0,1073741824,268435456,1,0.525150,4.0893,,
2026-01-23T14:09:48.092492,metal,Darwin,arm64,MacBook-Pro-Mateusz.local,3.13.7,Apple M2 Pro,0,1073741824,268435456,2,0.565581,3.7970,,
2026-01-23T14:09:50.902154,metal,Darwin,arm64,MacBook-Pro-Mateusz.local,3.13.7,Apple M2 Pro,0,1073741824,268435456,3,0.610252,3.5190,,
2026-01-23T14:09:54.540831,metal,Darwin,arm64,MacBook-Pro-Mateusz.local,3.13.7,Apple M2 Pro,0,1073741824,268435456,4,1.276900,1.6818,,
2026-01-23T14:09:57.563650,metal,Darwin,arm64,MacBook-Pro-Mateusz.local,3.13.7,Apple M2 Pro,0,1073741824,268435456,5,0.842593,2.5487,,
2026-01-23T14:10:01.101902,metal,Darwin,arm64,MacBook-Pro-Mateusz.local,3.13.7,Apple M2 Pro,0,1073741824,268435456,6,1.015801,2.1141,,
2026-01-23T14:12:25.771790,metal,Darwin,arm64,MacBook-Pro-Mateusz.local,3.13.7,Apple M2 Pro,0,4194304,1048576,0,0.001145,7.3236,,
2026-01-23T14:12:26.284752,metal,Darwin,arm64,MacBook-Pro-Mateusz.local,3.13.7,Apple M2 Pro,0,4194304,1048576,1,0.000965,8.6887,,
2026-01-23T14:12:26.786873,metal,Darwin,arm64,MacBook-Pro-Mateusz.local,3.13.7,Apple M2 Pro,0,4194304,1048576,2,0.000787,10.6640,,
2026-01-23T14:12:27.287358,metal,Darwin,arm64,MacBook-Pro-Mateusz.local,3.13.7,Apple M2 Pro,0,4194304,1048576,3,0.000716,11.7221,,
2026-01-23T14:12:27.793055,metal,Darwin,arm64,MacBook-Pro-Mateusz.local,3.13.7,Apple M2 Pro,0,4194304,1048576,4,0.000793,10.5800,,
2026-01-23T14:12:28.292176,metal,Darwin,arm64,MacBook-Pro-Mateusz.local,3.13.7,Apple M2 Pro,0,4194304,1048576,5,0.000944,8.8847,,
2026-01-23T14:12:28.798387,metal,Darwin,arm64,MacBook-Pro-Mateusz.local,3.13.7,Apple M2 Pro,0,4194304,1048576,6,0.000955,8.7854,,
2026-01-23T14:12:29.299006,metal,Darwin,arm64,MacBook-Pro-Mateusz.local,3.13.7,Apple M2 Pro,0,16777216,4194304,0,0.001216,27.5837,,
2026-01-23T14:12:29.806448,metal,Darwin,arm64,MacBook-Pro-Mateusz.local,3.13.7,Apple M2 Pro,0,16777216,4194304,1,0.001003,33.4624,,
2026-01-23T14:12:30.308653,metal,Darwin,arm64,MacBook-Pro-Mateusz.local,3.13.7,Apple M2 Pro,0,16777216,4194304,2,0.001045,32.1005,,
2026-01-23T14:12:30.824821,metal,Darwin,arm64,MacBook-Pro-Mateusz.local,3.13.7,Apple M2 Pro,0,16777216,4194304,3,0.001066,31.4646,,
2026-01-23T14:12:31.362243,metal,Darwin,arm64,MacBook-Pro-Mateusz.local,3.13.7,Apple M2 Pro,0,16777216,4194304,4,0.001017,33.0044,,
2026-01-23T14:12:31.893767,metal,Darwin,arm64,MacBook-Pro-Mateusz.local,3.13.7,Apple M2 Pro,0,16777216,4194304,5,0.001242,27.0219,,
2026-01-23T14:12:32.447771,metal,Darwin,arm64,MacBook-Pro-Mateusz.local,3.13.7,Apple M2 Pro,0,16777216,4194304,6,0.001040,32.2639,,
2026-01-23T14:12:32.976395,metal,Darwin,arm64,MacBook-Pro-Mateusz.local,3.13.7,Apple M2 Pro,0,67108864,16777216,0,0.003623,37.0430,,
2026-01-23T14:12:33.529700,metal,Darwin,arm64,MacBook-Pro-Mateusz.local,3.13.7,Apple M2 Pro,0,67108864,16777216,1,0.003325,40.3672,,
2026-01-23T14:12:34.054080,metal,Darwin,arm64,MacBook-Pro-Mateusz.local,3.13.7,Apple M2 Pro,0,67108864,16777216,2,0.003608,37.2048,,
2026-01-23T14:12:34.574428,metal,Darwin,arm64,MacBook-Pro-Mateusz.local,3.13.7,Apple M2 Pro,0,67108864,16777216,3,0.003926,34.1912,,
2026-01-23T14:12:35.086031,metal,Darwin,arm64,MacBook-Pro-Mateusz.local,3.13.7,Apple M2 Pro,0,67108864,16777216,4,0.003135,42.8166,,
2026-01-23T14:12:35.592245,metal,Darwin,arm64,MacBook-Pro-Mateusz.local,3.13.7,Apple M2 Pro,0,67108864,16777216,5,0.003192,42.0449,,
2026-01-23T14:12:36.124212,metal,Darwin,arm64,MacBook-Pro-Mateusz.local,3.13.7,Apple M2 Pro,0,67108864,16777216,6,0.003276,40.9658,,
2026-01-23T14:12:36.656792,metal,Darwin,arm64,MacBook-Pro-Mateusz.local,3.13.7,Apple M2 Pro,0,268435456,67108864,0,0.016194,33.1526,,
2026-01-23T14:12:37.189524,metal,Darwin,arm64,MacBook-Pro-Mateusz.local,3.13.7,Apple M2 Pro,0,268435456,67108864,1,0.013760,39.0175,,
2026-01-23T14:12:37.714237,metal,Darwin,arm64,MacBook-Pro-Mateusz.local,3.13.7,Apple M2 Pro,0,268435456,67108864,2,0.013036,41.1824,,
2026-01-23T14:12:38.242841,metal,Darwin,arm64,MacBook-Pro-Mateusz.local,3.13.7,Apple M2 Pro,0,268435456,67108864,3,0.014083,38.1230,,
2026-01-23T14:12:38.779025,metal,Darwin,arm64,MacBook-Pro-Mateusz.local,3.13.7,Apple M2 Pro,0,268435456,67108864,4,0.017489,30.6968,,
2026-01-23T14:12:39.316990,metal,Darwin,arm64,MacBook-Pro-Mateusz.local,3.13.7,Apple M2 Pro,0,268435456,67108864,5,0.016254,33.0300,,
2026-01-23T14:12:39.863817,metal,Darwin,arm64,MacBook-Pro-Mateusz.local,3.13.7,Apple M2 Pro,0,268435456,67108864,6,0.049422,10.8631,,
2026-01-23T14:12:43.656000,metal,Darwin,arm64,MacBook-Pro-Mateusz.local,3.13.7,Apple M2 Pro,0,1073741824,268435456,0,0.605213,3.5483,,
2026-01-23T14:12:46.276927,metal,Darwin,arm64,MacBook-Pro-Mateusz.local,3.13.7,Apple M2 Pro,0,1073741824,268435456,1,0.902691,2.3790,,
2026-01-23T14:12:48.732340,metal,Darwin,arm64,MacBook-Pro-Mateusz.local,3.13.7,Apple M2 Pro,0,1073741824,268435456,2,0.511091,4.2018,,
2026-01-23T14:12:51.399621,metal,Darwin,arm64,MacBook-Pro-Mateusz.local,3.13.7,Apple M2 Pro,0,1073741824,268435456,3,0.595099,3.6086,,
2026-01-23T14:12:54.206075,metal,Darwin,arm64,MacBook-Pro-Mateusz.local,3.13.7,Apple M2 Pro,0,1073741824,268435456,4,0.540140,3.9758,,
2026-01-23T14:12:57.191681,metal,Darwin,arm64,MacBook-Pro-Mateusz.local,3.13.7,Apple M2 Pro,0,1073741824,268435456,5,0.809222,2.6538,,
2026-01-23T14:12:59.638462,metal,Darwin,arm64,MacBook-Pro-Mateusz.local,3.13.7,Apple M2 Pro,0,1073741824,268435456,6,0.861192,2.4936,,
2026-01-23T14:24:02.981943+00:00,metal,Darwin,arm64,MacBook-Pro-Mateusz.local,3.13.7,Apple M2 Pro,0,4194304,1048576,0,0.001238,6.7750,,
2026-01-23T14:24:03.494027+00:00,metal,Darwin,arm64,MacBook-Pro-Mateusz.local,3.13.7,Apple M2 Pro,0,4194304,1048576,1,0.000742,11.3022,,
2026-01-23T14:24:03.993894+00:00,metal,Darwin,arm64,MacBook-Pro-Mateusz.local,3.13.7,Apple M2 Pro,0,4194304,1048576,2,0.000725,11.5705,,
2026-01-23T14:24:04.496746+00:00,metal,Darwin,arm64,MacBook-Pro-Mateusz.local,3.13.7,Apple M2 Pro,0,4194304,1048576,3,0.000704,11.9213,,
2026-01-23T14:24:04.999675+00:00,metal,Darwin,arm64,MacBook-Pro-Mateusz.local,3.13.7,Apple M2 Pro,0,4194304,1048576,4,0.000765,10.9637,,
2026-01-23T14:24:05.499511+00:00,metal,Darwin,arm64,MacBook-Pro-Mateusz.local,3.13.7,Apple M2 Pro,0,4194304,1048576,5,0.000733,11.4390,,
2026-01-23T14:24:06.004163+00:00,metal,Darwin,arm64,MacBook-Pro-Mateusz.local,3.13.7,Apple M2 Pro,0,4194304,1048576,6,0.000731,11.4801,,
2026-01-23T14:24:06.509081+00:00,metal,Darwin,arm64,MacBook-Pro-Mateusz.local,3.13.7,Apple M2 Pro,0,16777216,4194304,0,0.001263,26.5646,,
2026-01-23T14:24:07.016764+00:00,metal,Darwin,arm64,MacBook-Pro-Mateusz.local,3.13.7,Apple M2 Pro,0,16777216,4194304,1,0.001115,30.0835,,
2026-01-23T14:24:07.517207+00:00,metal,Darwin,arm64,MacBook-Pro-Mateusz.local,3.13.7,Apple M2 Pro,0,16777216,4194304,2,0.001172,28.6199,,
2026-01-23T14:24:08.027158+00:00,metal,Darwin,arm64,MacBook-Pro-Mateusz.local,3.13.7,Apple M2 Pro,0,16777216,4194304,3,0.001102,30.4579,,
2026-01-23T14:24:08.582356+00:00,metal,Darwin,arm64,MacBook-Pro-Mateusz.local,3.13.7,Apple M2 Pro,0,16777216,4194304,4,0.001058,31.7275,,
2026-01-23T14:24:09.098969+00:00,metal,Darwin,arm64,MacBook-Pro-Mateusz.local,3.13.7,Apple M2 Pro,0,16777216,4194304,5,0.001211,27.7176,,
2026-01-23T14:24:09.600355+00:00,metal,Darwin,arm64,MacBook-Pro-Mateusz.local,3.13.7,Apple M2 Pro,0,16777216,4194304,6,0.001084,30.9460,,
2026-01-23T14:24:10.115225+00:00,metal,Darwin,arm64,MacBook-Pro-Mateusz.local,3.13.7,Apple M2 Pro,0,67108864,16777216,0,0.004005,33.5111,,
2026-01-23T14:24:10.621162+00:00,metal,Darwin,arm64,MacBook-Pro-Mateusz.local,3.13.7,Apple M2 Pro,0,67108864,16777216,1,0.003289,40.8070,,
2026-01-23T14:24:11.134662+00:00,metal,Darwin,arm64,MacBook-Pro-Mateusz.local,3.13.7,Apple M2 Pro,0,67108864,16777216,2,0.003315,40.4921,,
2026-01-23T14:24:11.648716+00:00,metal,Darwin,arm64,MacBook-Pro-Mateusz.local,3.13.7,Apple M2 Pro,0,67108864,16777216,3,0.003287,40.8267,,
2026-01-23T14:24:12.162126+00:00,metal,Darwin,arm64,MacBook-Pro-Mateusz.local,3.13.7,Apple M2 Pro,0,67108864,16777216,4,0.003364,39.9012,,
2026-01-23T14:24:12.670444+00:00,metal,Darwin,arm64,MacBook-Pro-Mateusz.local,3.13.7,Apple M2 Pro,0,67108864,16777216,5,0.003380,39.7050,,
2026-01-23T14:24:13.203406+00:00,metal,Darwin,arm64,MacBook-Pro-Mateusz.local,3.13.7,Apple M2 Pro,0,67108864,16777216,6,0.005068,26.4858,,
2026-01-23T14:24:13.759696+00:00,metal,Darwin,arm64,MacBook-Pro-Mateusz.local,3.13.7,Apple M2 Pro,0,268435456,67108864,0,0.020960,25.6137,,
2026-01-23T14:24:14.328872+00:00,metal,Darwin,arm64,MacBook-Pro-Mateusz.local,3.13.7,Apple M2 Pro,0,268435456,67108864,1,0.056063,9.5763,,
2026-01-23T14:24:14.878117+00:00,metal,Darwin,arm64,MacBook-Pro-Mateusz.local,3.13.7,Apple M2 Pro,0,268435456,67108864,2,0.042180,12.7281,,
2026-01-23T14:24:15.593355+00:00,metal,Darwin,arm64,MacBook-Pro-Mateusz.local,3.13.7,Apple M2 Pro,0,268435456,67108864,3,0.038075,14.1002,,
2026-01-23T14:24:16.242773+00:00,metal,Darwin,arm64,MacBook-Pro-Mateusz.local,3.13.7,Apple M2 Pro,0,268435456,67108864,4,0.120318,4.4621,,
2026-01-23T14:24:16.883000+00:00,metal,Darwin,arm64,MacBook-Pro-Mateusz.local,3.13.7,Apple M2 Pro,0,268435456,67108864,5,0.047277,11.3559,,
2026-01-23T14:24:17.553900+00:00,metal,Darwin,arm64,MacBook-Pro-Mateusz.local,3.13.7,Apple M2 Pro,0,268435456,67108864,6,0.129527,4.1449,,
2026-01-23T14:24:21.404996+00:00,metal,Darwin,arm64,MacBook-Pro-Mateusz.local,3.13.7,Apple M2 Pro,0,1073741824,268435456,0,0.447961,4.7939,,
2026-01-23T14:24:24.201843+00:00,metal,Darwin,arm64,MacBook-Pro-Mateusz.local,3.13.7,Apple M2 Pro,0,1073741824,268435456,1,0.497653,4.3152,,
2026-01-23T14:24:27.076440+00:00,metal,Darwin,arm64,MacBook-Pro-Mateusz.local,3.13.7,Apple M2 Pro,0,1073741824,268435456,2,0.503876,4.2619,,
2026-01-23T14:24:30.133564+00:00,metal,Darwin,arm64,MacBook-Pro-Mateusz.local,3.13.7,Apple M2 Pro,0,1073741824,268435456,3,0.638715,3.3622,,
2026-01-23T14:24:32.950753+00:00,metal,Darwin,arm64,MacBook-Pro-Mateusz.local,3.13.7,Apple M2 Pro,0,1073741824,268435456,4,0.623961,3.4417,,
2026-01-23T14:24:36.554545+00:00,metal,Darwin,arm64,MacBook-Pro-Mateusz.local,3.13.7,Apple M2 Pro,0,1073741824,268435456,5,1.424034,1.5080,,
2026-01-23T14:24:38.415636+00:00,metal,Darwin,arm64,MacBook-Pro-Mateusz.local,3.13.7,Apple M2 Pro,0,1073741824,268435456,6,0.106596,20.1460,,
2026-01-25T10:14:36.321886+00:00,metal,Darwin,arm64,MacBook-Pro-Mateusz.local,3.13.7,Apple M2 Pro,0,4194304,1048576,0,0.002060,4.0726,,
2026-01-25T10:14:36.849884+00:00,metal,Darwin,arm64,MacBook-Pro-Mateusz.local,3.13.7,Apple M2 Pro,0,4194304,1048576,1,0.000877,9.5692,,
2026-01-25T10:14:37.378378+00:00,metal,Darwin,arm64,MacBook-Pro-Mateusz.local,3.13.7,Apple M2 Pro,0,4194304,1048576,2,0.000734,11.4345,,
2026-01-25T10:14:37.891642+00:00,metal,Darwin,arm64,MacBook-Pro-Mateusz.local,3.13.7,Apple M2 Pro,0,4194304,1048576,3,0.000750,11.1805,,
2026-01-25T10:14:38.408585+00:00,metal,Darwin,arm64,MacBook-Pro-Mateusz.local,3.13.7,Apple M2 Pro,0,4194304,1048576,4,0.000737,11.3802,,
2026-01-25T10:14:38.924998+00:00,metal,Darwin,arm64,MacBook-Pro-Mateusz.local,3.13.7,Apple M2 Pro,0,4194304,1048576,5,0.000775,10.8217,,
2026-01-25T10:14:39.447419+00:00,metal,Darwin,arm64,MacBook-Pro-Mateusz.local,3.13.7,Apple M2 Pro,0,4194304,1048576,6,0.000746,11.2460,,
2026-01-25T10:14:39.966067+00:00,metal,Darwin,arm64,MacBook-Pro-Mateusz.local,3.13.7,Apple M2 Pro,0,16777216,4194304,0,0.001803,18.6138,,
2026-01-25T10:14:40.488507+00:00,metal,Darwin,arm64,MacBook-Pro-Mateusz.local,3.13.7,Apple M2 Pro,0,16777216,4194304,1,0.005681,5.9064,,
2026-01-25T10:14:41.006350+00:00,metal,Darwin,arm64,MacBook-Pro-Mateusz.local,3.13.7,Apple M2 Pro,0,16777216,4194304,2,0.001246,26.9360,,
2026-01-25T10:14:41.526263+00:00,metal,Darwin,arm64,MacBook-Pro-Mateusz.local,3.13.7,Apple M2 Pro,0,16777216,4194304,3,0.001318,25.4570,,
2026-01-25T10:14:42.041028+00:00,metal,Darwin,arm64,MacBook-Pro-Mateusz.local,3.13.7,Apple M2 Pro,0,16777216,4194304,4,0.001308,25.6549,,
2026-01-25T10:14:42.568144+00:00,metal,Darwin,arm64,MacBook-Pro-Mateusz.local,3.13.7,Apple M2 Pro,0,16777216,4194304,5,0.001276,26.2966,,
2026-01-25T10:14:43.082044+00:00,metal,Darwin,arm64,MacBook-Pro-Mateusz.local,3.13.7,Apple M2 Pro,0,16777216,4194304,6,0.001468,22.8546,,
2026-01-25T10:14:43.618905+00:00,metal,Darwin,arm64,MacBook-Pro-Mateusz.local,3.13.7,Apple M2 Pro,0,67108864,16777216,0,0.005454,24.6106,,
2026-01-25T10:14:44.140600+00:00,metal,Darwin,arm64,MacBook-Pro-Mateusz.local,3.13.7,Apple M2 Pro,0,67108864,16777216,1,0.016136,8.3181,,
2026-01-25T10:14:44.668359+00:00,metal,Darwin,arm64,MacBook-Pro-Mateusz.local,3.13.7,Apple M2 Pro,0,67108864,16777216,2,0.014750,9.0998,,
2026-01-25T10:14:45.187816+00:00,metal,Darwin,arm64,MacBook-Pro-Mateusz.local,3.13.7,Apple M2 Pro,0,67108864,16777216,3,0.005451,24.6224,,
2026-01-25T10:14:45.718034+00:00,metal,Darwin,arm64,MacBook-Pro-Mateusz.local,3.13.7,Apple M2 Pro,0,67108864,16777216,4,0.020171,6.6541,,
2026-01-25T10:14:46.238827+00:00,metal,Darwin,arm64,MacBook-Pro-Mateusz.local,3.13.7,Apple M2 Pro,0,67108864,16777216,5,0.005487,24.4609,,
2026-01-25T10:14:46.769388+00:00,metal,Darwin,arm64,MacBook-Pro-Mateusz.local,3.13.7,Apple M2 Pro,0,67108864,16777216,6,0.005305,25.3004,,
2026-01-25T10:14:47.408866+00:00,metal,Darwin,arm64,MacBook-Pro-Mateusz.local,3.13.7,Apple M2 Pro,0,268435456,67108864,0,0.044713,12.0070,,
2026-01-25T10:14:47.983282+00:00,metal,Darwin,arm64,MacBook-Pro-Mateusz.local,3.13.7,Apple M2 Pro,0,268435456,67108864,1,0.047606,11.2774,,
2026-01-25T10:14:48.554816+00:00,metal,Darwin,arm64,MacBook-Pro-Mateusz.local,3.13.7,Apple M2 Pro,0,268435456,67108864,2,0.040694,13.1928,,
2026-01-25T10:14:49.164953+00:00,metal,Darwin,arm64,MacBook-Pro-Mateusz.local,3.13.7,Apple M2 Pro,0,268435456,67108864,3,0.082363,6.5183,,
2026-01-25T10:14:49.748073+00:00,metal,Darwin,arm64,MacBook-Pro-Mateusz.local,3.13.7,Apple M2 Pro,0,268435456,67108864,4,0.066238,8.1052,,
2026-01-25T10:14:50.351440+00:00,metal,Darwin,arm64,MacBook-Pro-Mateusz.local,3.13.7,Apple M2 Pro,0,268435456,67108864,5,0.100222,5.3568,,
2026-01-25T10:14:50.934472+00:00,metal,Darwin,arm64,MacBook-Pro-Mateusz.local,3.13.7,Apple M2 Pro,0,268435456,67108864,6,0.058224,9.2207,,
2026-01-25T10:14:54.223261+00:00,metal,Darwin,arm64,MacBook-Pro-Mateusz.local,3.13.7,Apple M2 Pro,0,1073741824,268435456,0,0.548113,3.9180,,
2026-01-25T10:14:56.816905+00:00,metal,Darwin,arm64,MacBook-Pro-Mateusz.local,3.13.7,Apple M2 Pro,0,1073741824,268435456,1,0.589561,3.6425,,
2026-01-25T10:14:59.497682+00:00,metal,Darwin,arm64,MacBook-Pro-Mateusz.local,3.13.7,Apple M2 Pro,0,1073741824,268435456,2,0.644668,3.3311,,
2026-01-25T10:15:02.305747+00:00,metal,Darwin,arm64,MacBook-Pro-Mateusz.local,3.13.7,Apple M2 Pro,0,1073741824,268435456,3,0.712282,3.0149,,
2026-01-25T10:15:05.251820+00:00,metal,Darwin,arm64,MacBook-Pro-Mateusz.local,3.13.7,Apple M2 Pro,0,1073741824,268435456,4,1.107630,1.9388,,
2026-01-25T10:15:07.718604+00:00,metal,Darwin,arm64,MacBook-Pro-Mateusz.local,3.13.7,Apple M2 Pro,0,1073741824,268435456,5,0.901095,2.3832,,
2026-01-25T10:15:10.285164+00:00,metal,Darwin,arm64,MacBook-Pro-Mateusz.local,3.13.7,Apple M2 Pro,0,1073741824,268435456,6,0.635724,3.3780,,
2026-01-25T10:16:37.038577+00:00,metal,Darwin,arm64,MacBook-Pro-Mateusz.local,3.13.7,Apple M2 Pro,0,4194304,1048576,0,0.001170,7.1690,,
2026-01-25T10:16:37.560268+00:00,metal,Darwin,arm64,MacBook-Pro-Mateusz.local,3.13.7,Apple M2 Pro,0,4194304,1048576,1,0.000766,10.9565,,
2026-01-25T10:16:38.071640+00:00,metal,Darwin,arm64,MacBook-Pro-Mateusz.local,3.13.7,Apple M2 Pro,0,4194304,1048576,2,0.000717,11.6962,,
2026-01-25T10:16:38.588805+00:00,metal,Darwin,arm64,MacBook-Pro-Mateusz.local,3.13.7,Apple M2 Pro,0,4194304,1048576,3,0.000728,11.5281,,
2026-01-25T10:16:39.101154+00:00,metal,Darwin,arm64,MacBook-Pro-Mateusz.local,3.13.7,Apple M2 Pro,0,4194304,1048576,4,0.000745,11.2599,,
2026-01-25T10:16:39.633773+00:00,metal,Darwin,arm64,MacBook-Pro-Mateusz.local,3.13.7,Apple M2 Pro,0,4194304,1048576,5,0.000727,11.5466,,
2026-01-25T10:16:40.179695+00:00,metal,Darwin,arm64,MacBook-Pro-Mateusz.local,3.13.7,Apple M2 Pro,0,4194304,1048576,6,0.000731,11.4716,,
2026-01-25T10:16:40.722717+00:00,metal,Darwin,arm64,MacBook-Pro-Mateusz.local,3.13.7,Apple M2 Pro,0,16777216,4194304,0,0.001119,29.9950,,
2026-01-25T10:16:41.233926+00:00,metal,Darwin,arm64,MacBook-Pro-Mateusz.local,3.13.7,Apple M2 Pro,0,16777216,4194304,1,0.001042,32.2097,,
2026-01-25T10:16:41.759265+00:00,metal,Darwin,arm64,MacBook-Pro-Mateusz.local,3.13.7,Apple M2 Pro,0,16777216,4194304,2,0.001051,31.9148,,
2026-01-25T10:16:42.283689+00:00,metal,Darwin,arm64,MacBook-Pro-Mateusz.local,3.13.7,Apple M2 Pro,0,16777216,4194304,3,0.001278,26.2503,,
2026-01-25T10:16:42.858802+00:00,metal,Darwin,arm64,MacBook-Pro-Mateusz.local,3.13.7,Apple M2 Pro,0,16777216,4194304,4,0.001227,27.3551,,
2026-01-25T10:16:43.379714+00:00,metal,Darwin,arm64,MacBook-Pro-Mateusz.local,3.13.7,Apple M2 Pro,0,16777216,4194304,5,0.001260,26.6314,,
2026-01-25T10:16:43.897889+00:00,metal,Darwin,arm64,MacBook-Pro-Mateusz.local,3.13.7,Apple M2 Pro,0,16777216,4194304,6,0.000999,33.5754,,
2026-01-25T10:16:44.414539+00:00,metal,Darwin,arm64,MacBook-Pro-Mateusz.local,3.13.7,Apple M2 Pro,0,67108864,16777216,0,0.003462,38.7642,,
2026-01-25T10:16:44.941688+00:00,metal,Darwin,arm64,MacBook-Pro-Mateusz.local,3.13.7,Apple M2 Pro,0,67108864,16777216,1,0.003117,43.0582,,
2026-01-25T10:16:45.458348+00:00,metal,Darwin,arm64,MacBook-Pro-Mateusz.local,3.13.7,Apple M2 Pro,0,67108864,16777216,2,0.003167,42.3767,,
2026-01-25T10:16:45.976432+00:00,metal,Darwin,arm64,MacBook-Pro-Mateusz.local,3.13.7,Apple M2 Pro,0,67108864,16777216,3,0.004876,27.5264,,
2026-01-25T10:16:46.500249+00:00,metal,Darwin,arm64,MacBook-Pro-Mateusz.local,3.13.7,Apple M2 Pro,0,67108864,16777216,4,0.003405,39.4135,,
2026-01-25T10:16:47.023279+00:00,metal,Darwin,arm64,MacBook-Pro-Mateusz.local,3.13.7,Apple M2 Pro,0,67108864,16777216,5,0.003266,41.0939,,
2026-01-25T10:16:47.590009+00:00,metal,Darwin,arm64,MacBook-Pro-Mateusz.local,3.13.7,Apple M2 Pro,0,67108864,16777216,6,0.003820,35.1386,,
2026-01-25T10:16:48.140755+00:00,metal,Darwin,arm64,MacBook-Pro-Mateusz.local,3.13.7,Apple M2 Pro,0,268435456,67108864,0,0.017260,31.1042,,
2026-01-25T10:16:48.679091+00:00,metal,Darwin,arm64,MacBook-Pro-Mateusz.local,3.13.7,Apple M2 Pro,0,268435456,67108864,1,0.015552,34.5204,,
2026-01-25T10:16:49.220605+00:00,metal,Darwin,arm64,MacBook-Pro-Mateusz.local,3.13.7,Apple M2 Pro,0,268435456,67108864,2,0.016740,32.0716,,
2026-01-25T10:16:49.761879+00:00,metal,Darwin,arm64,MacBook-Pro-Mateusz.local,3.13.7,Apple M2 Pro,0,268435456,67108864,3,0.016691,32.1661,,
2026-01-25T10:16:50.315281+00:00,metal,Darwin,arm64,MacBook-Pro-Mateusz.local,3.13.7,Apple M2 Pro,0,268435456,67108864,4,0.045761,11.7321,,
2026-01-25T10:16:50.868126+00:00,metal,Darwin,arm64,MacBook-Pro-Mateusz.local,3.13.7,Apple M2 Pro,0,268435456,67108864,5,0.024446,21.9616,,
2026-01-25T10:16:51.888740+00:00,metal,Darwin,arm64,MacBook-Pro-Mateusz.local,3.13.7,Apple M2 Pro,0,268435456,67108864,6,0.491956,1.0913,,
2026-01-25T10:16:55.154657+00:00,metal,Darwin,arm64,MacBook-Pro-Mateusz.local,3.13.7,Apple M2 Pro,0,1073741824,268435456,0,0.484585,4.4316,,
2026-01-25T10:16:57.958619+00:00,metal,Darwin,arm64,MacBook-Pro-Mateusz.local,3.13.7,Apple M2 Pro,0,1073741824,268435456,1,0.546822,3.9272,,
2026-01-25T10:17:00.534383+00:00,metal,Darwin,arm64,MacBook-Pro-Mateusz.local,3.13.7,Apple M2 Pro,0,1073741824,268435456,2,0.605576,3.5462,,
2026-01-25T10:17:03.417446+00:00,metal,Darwin,arm64,MacBook-Pro-Mateusz.local,3.13.7,Apple M2 Pro,0,1073741824,268435456,3,0.741862,2.8947,,
2026-01-25T10:17:06.421260+00:00,metal,Darwin,arm64,MacBook-Pro-Mateusz.local,3.13.7,Apple M2 Pro,0,1073741824,268435456,4,0.939238,2.2864,,
2026-01-25T10:17:08.830142+00:00,metal,Darwin,arm64,MacBook-Pro-Mateusz.local,3.13.7,Apple M2 Pro,0,1073741824,268435456,5,0.871944,2.4629,,
2026-01-25T10:17:11.551626+00:00,metal,Darwin,arm64,MacBook-Pro-Mateusz.local,3.13.7,Apple M2 Pro,0,1073741824,268435456,6,0.905602,2.3713,,
2026-01-25T10:17:44.138257+00:00,metal,Darwin,arm64,MacBook-Pro-Mateusz.local,3.13.7,Apple M2 Pro,0,4194304,1048576,0,0.001287,6.5199,,
2026-01-25T10:17:44.682936+00:00,metal,Darwin,arm64,MacBook-Pro-Mateusz.local,3.13.7,Apple M2 Pro,0,4194304,1048576,1,0.000751,11.1724,,
2026-01-25T10:17:45.210400+00:00,metal,Darwin,arm64,MacBook-Pro-Mateusz.local,3.13.7,Apple M2 Pro,0,4194304,1048576,2,0.000762,11.0105,,
2026-01-25T10:17:45.729864+00:00,metal,Darwin,arm64,MacBook-Pro-Mateusz.local,3.13.7,Apple M2 Pro,0,4194304,1048576,3,0.000735,11.4183,,
2026-01-25T10:17:46.252423+00:00,metal,Darwin,arm64,MacBook-Pro-Mateusz.local,3.13.7,Apple M2 Pro,0,4194304,1048576,4,0.000600,13.9868,,
2026-01-25T10:17:46.779839+00:00,metal,Darwin,arm64,MacBook-Pro-Mateusz.local,3.13.7,Apple M2 Pro,0,4194304,1048576,5,0.000566,14.8285,,
2026-01-25T10:17:47.301799+00:00,metal,Darwin,arm64,MacBook-Pro-Mateusz.local,3.13.7,Apple M2 Pro,0,4194304,1048576,6,0.000715,11.7255,,
2026-01-25T10:17:47.824592+00:00,metal,Darwin,arm64,MacBook-Pro-Mateusz.local,3.13.7,Apple M2 Pro,0,16777216,4194304,0,0.001574,21.3202,,
2026-01-25T10:17:48.348552+00:00,metal,Darwin,arm64,MacBook-Pro-Mateusz.local,3.13.7,Apple M2 Pro,0,16777216,4194304,1,0.001028,32.6312,,
2026-01-25T10:17:48.892322+00:00,metal,Darwin,arm64,MacBook-Pro-Mateusz.local,3.13.7,Apple M2 Pro,0,16777216,4194304,2,0.001124,29.8461,,
2026-01-25T10:17:49.439373+00:00,metal,Darwin,arm64,MacBook-Pro-Mateusz.local,3.13.7,Apple M2 Pro,0,16777216,4194304,3,0.001161,28.9013,,
2026-01-25T10:17:49.965257+00:00,metal,Darwin,arm64,MacBook-Pro-Mateusz.local,3.13.7,Apple M2 Pro,0,16777216,4194304,4,0.001057,31.7412,,
2026-01-25T10:17:50.485770+00:00,metal,Darwin,arm64,MacBook-Pro-Mateusz.local,3.13.7,Apple M2 Pro,0,16777216,4194304,5,0.001138,29.4790,,
2026-01-25T10:17:51.013850+00:00,metal,Darwin,arm64,MacBook-Pro-Mateusz.local,3.13.7,Apple M2 Pro,0,16777216,4194304,6,0.001034,32.4459,,
2026-01-25T10:17:51.532075+00:00,metal,Darwin,arm64,MacBook-Pro-Mateusz.local,3.13.7,Apple M2 Pro,0,67108864,16777216,0,0.003853,34.8384,,
2026-01-25T10:17:52.060034+00:00,metal,Darwin,arm64,MacBook-Pro-Mateusz.local,3.13.7,Apple M2 Pro,0,67108864,16777216,1,0.003181,42.1941,,
2026-01-25T10:17:52.578439+00:00,metal,Darwin,arm64,MacBook-Pro-Mateusz.local,3.13.7,Apple M2 Pro,0,67108864,16777216,2,0.003225,41.6244,,
2026-01-25T10:17:53.105739+00:00,metal,Darwin,arm64,MacBook-Pro-Mateusz.local,3.13.7,Apple M2 Pro,0,67108864,16777216,3,0.003404,39.4342,,
2026-01-25T10:17:53.633219+00:00,metal,Darwin,arm64,MacBook-Pro-Mateusz.local,3.13.7,Apple M2 Pro,0,67108864,16777216,4,0.003403,39.4396,,
2026-01-25T10:17:54.153884+00:00,metal,Darwin,arm64,MacBook-Pro-Mateusz.local,3.13.7,Apple M2 Pro,0,67108864,16777216,5,0.003368,39.8474,,
2026-01-25T10:17:54.686392+00:00,metal,Darwin,arm64,MacBook-Pro-Mateusz.local,3.13.7,Apple M2 Pro,0,67108864,16777216,6,0.003331,40.2991,,
2026-01-25T10:17:55.246613+00:00,metal,Darwin,arm64,MacBook-Pro-Mateusz.local,3.13.7,Apple M2 Pro,0,268435456,67108864,0,0.016523,32.4928,,
2026-01-25T10:17:55.782345+00:00,metal,Darwin,arm64,MacBook-Pro-Mateusz.local,3.13.7,Apple M2 Pro,0,268435456,67108864,1,0.012762,42.0672,,
2026-01-25T10:17:56.325107+00:00,metal,Darwin,arm64,MacBook-Pro-Mateusz.local,3.13.7,Apple M2 Pro,0,268435456,67108864,2,0.012338,43.5132,,
2026-01-25T10:17:56.865486+00:00,metal,Darwin,arm64,MacBook-Pro-Mateusz.local,3.13.7,Apple M2 Pro,0,268435456,67108864,3,0.012759,42.0775,,
2026-01-25T10:17:57.415657+00:00,metal,Darwin,arm64,MacBook-Pro-Mateusz.local,3.13.7,Apple M2 Pro,0,268435456,67108864,4,0.013642,39.3540,,
2026-01-25T10:17:57.958461+00:00,metal,Darwin,arm64,MacBook-Pro-Mateusz.local,3.13.7,Apple M2 Pro,0,268435456,67108864,5,0.014433,37.1982,,
2026-01-25T10:17:58.521655+00:00,metal,Darwin,arm64,MacBook-Pro-Mateusz.local,3.13.7,Apple M2 Pro,0,268435456,67108864,6,0.013232,40.5750,,
2026-01-25T10:18:02.583827+00:00,metal,Darwin,arm64,MacBook-Pro-Mateusz.local,3.13.7,Apple M2 Pro,0,1073741824,268435456,0,0.738454,2.9081,,
2026-01-25T10:18:05.403851+00:00,metal,Darwin,arm64,MacBook-Pro-Mateusz.local,3.13.7,Apple M2 Pro,0,1073741824,268435456,1,0.556966,3.8557,,
2026-01-25T10:18:07.876462+00:00,metal,Darwin,arm64,MacBook-Pro-Mateusz.local,3.13.7,Apple M2 Pro,0,1073741824,268435456,2,0.507708,4.2298,,
2026-01-25T10:18:10.784296+00:00,metal,Darwin,arm64,MacBook-Pro-Mateusz.local,3.13.7,Apple M2 Pro,0,1073741824,268435456,3,0.854435,2.5133,,
2026-01-25T10:18:13.365531+00:00,metal,Darwin,arm64,MacBook-Pro-Mateusz.local,3.13.7,Apple M2 Pro,0,1073741824,268435456,4,0.967609,2.2194,,
2026-01-25T10:18:16.111107+00:00,metal,Darwin,arm64,MacBook-Pro-Mateusz.local,3.13.7,Apple M2 Pro,0,1073741824,268435456,5,0.839829,2.5570,,
2026-01-25T10:18:18.767194+00:00,metal,Darwin,arm64,MacBook-Pro-Mateusz.local,3.13.7,Apple M2 Pro,0,1073741824,268435456,6,1.108963,1.9365,,
